Accuracy,Precision,Recall,F1-Score,AUC-ROC
0.9687137891077636,1.0,0.02262443438914027,0.04424778761061947,0.5113122171945701
